{"758564241": {"name": "Ежи Сармат", "lvl": 1, "exp": 19, "last_take": 1659681115.6248298, "last_get": 1659681133.9906776, "take_count": 1, "get_count": 1, "fail_count": 0}, "1812310254": {"name": "Andrew Garfield ", "lvl": 1, "exp": 19, "last_take": 1659681133.9906776, "last_get": 1659681115.6248298, "take_count": 1, "get_count": 1, "fail_count": 0}}